depth,seed,lambda_max,lambda_min,kappa,n_activities
4,0,4.912632,0.09665210,50.828,1176
4,1,5.081039,0.08923305,56.941,1176
4,2,4.934691,0.09240630,53.402,1176
8,0,4.950589,0.01683559,294.055,2744
8,1,4.934212,0.01507044,327.410,2744
8,2,4.825490,0.01648698,292.685,2744
16,0,4.583274,0.00343557,1334.065,5880
16,1,4.666557,0.00322411,1447.395,5880
16,2,4.560544,0.00379622,1201.338,5880
32,0,4.380217,0.00089528,4892.555,12152
32,1,4.406446,0.00072756,6056.491,12152
32,2,4.394978,0.00072135,6092.726,12152
