depth,seed,sample,lambda_max,lambda_min,kappa,n_activities
64,0,0,4.236261,0.00025675,16499.328,2016
64,0,1,4.233288,0.00024197,17494.899,2016
64,0,2,4.251077,0.00022016,19309.182,2016
64,0,3,4.207115,0.00026223,16043.573,2016
64,0,4,4.222727,0.00023601,17892.096,2016
64,0,5,4.206795,0.00025929,16224.518,2016
64,0,6,4.255831,0.00025584,16634.709,2016
64,0,7,4.235053,0.00022609,18731.586,2016
64,1,0,4.231855,0.00019395,21818.895,2016
64,1,1,4.242438,0.00023045,18409.613,2016
64,1,2,4.247690,0.00020126,21105.088,2016
64,1,3,4.255438,0.00020222,21043.141,2016
64,1,4,4.215150,0.00021057,20017.944,2016
64,1,5,4.240399,0.00021193,20008.792,2016
64,1,6,4.236013,0.00023624,17931.165,2016
64,1,7,4.227510,0.00023235,18194.467,2016
64,2,0,4.242085,0.00027731,15297.252,2016
64,2,1,4.248537,0.00022896,18555.781,2016
64,2,2,4.243040,0.00027256,15567.361,2016
64,2,3,4.251091,0.00023354,18202.454,2016
64,2,4,4.222534,0.00026576,15888.524,2016
64,2,5,4.212300,0.00030222,13937.654,2016
64,2,6,4.220275,0.00026173,16124.582,2016
64,2,7,4.189797,0.00031876,13144.056,2016
