depth,seed,ref_work,solver,e_final,e_min,argmin,n_iter,n_increases
8,0,20000,sd,0.5637233,0.5634856,705,10000,2826
8,0,20000,mg,0.5635786,0.5634478,171,1666,821
8,0,80000,sd,0.5644053,0.5634856,705,40000,11338
8,0,80000,mg,0.5635576,0.5634478,171,6666,3321
8,2,20000,sd,0.4645354,0.4634959,666,10000,2883
8,2,20000,mg,0.4636284,0.4634887,1166,1666,666
8,2,80000,sd,0.4637932,0.4634959,666,40000,11591
8,2,80000,mg,0.4637905,0.4634887,2948,6666,2697
32,1,20000,sd,0.6696884,0.6696603,9851,10000,1559
32,1,20000,mg,0.6697530,0.6696592,515,714,281
32,1,80000,sd,0.6697416,0.6696599,13499,40000,5779
32,1,80000,mg,0.6696857,0.6696578,1731,2857,1269
