n,g,lambda_min,lambda_max,pred_min,pred_max,kappa,cot2,response_last_over_first
15,1.0,-0.961571,2.961571,-0.961571,2.961571,nan,103.09,nan
15,0.6,-0.176942,2.176942,-0.176942,2.176942,nan,103.09,nan
15,0.5,0.019215,1.980785,0.019215,1.980785,103.09,103.09,6.667e-02
15,0.45,0.117293,1.882707,0.117293,1.882707,16.05,103.09,8.770e-04
15,0.3,0.411529,1.588471,0.411529,1.588471,3.86,103.09,1.858e-07
31,1.0,-0.990369,2.990369,-0.990369,2.990369,nan,414.35,nan
31,0.6,-0.194222,2.194222,-0.194222,2.194222,nan,414.35,nan
31,0.5,0.004815,1.995185,0.004815,1.995185,414.35,414.35,3.226e-02
31,0.45,0.104334,1.895666,0.104334,1.895666,18.17,414.35,4.977e-07
31,0.3,0.402889,1.597111,0.402889,1.597111,3.96,414.35,4.317e-15
63,1.0,-0.997591,2.997591,-0.997591,2.997591,nan,1659.38,nan
63,0.6,-0.198555,2.198555,-0.198555,2.198555,nan,1659.38,nan
63,0.5,0.001205,1.998795,0.001205,1.998795,1659.38,1659.38,1.587e-02
63,0.45,0.101084,1.898916,0.101084,1.898916,18.79,1659.38,1.603e-13
63,0.3,0.400723,1.599277,0.400723,1.599277,3.99,1659.38,2.330e-30
