family,depth,seed,lambda_max,lambda_min,kappa,n_activities
hopfield,4,0,3.090979,-1.0896712828,nan,96
hopfield,4,1,3.013898,-1.0094504731,nan,96
hopfield,4,2,3.050248,-1.0487509376,nan,96
hopfield,8,0,3.250834,-1.2506499115,nan,224
hopfield,8,1,3.222056,-1.2218424047,nan,224
hopfield,8,2,3.233727,-1.2332906063,nan,224
hopfield,16,0,3.206156,-1.2062123524,nan,480
hopfield,16,1,3.168756,-1.1687718155,nan,480
hopfield,16,2,3.181248,-1.1813109904,nan,480
hopfield,32,0,3.139279,-1.1408582724,nan,992
hopfield,32,1,3.117134,-1.1175001451,nan,992
hopfield,32,2,3.133706,-1.1354805202,nan,992
hopfield,64,0,3.084440,-1.0874869631,nan,2016
hopfield,64,1,3.082768,-1.0911882108,nan,2016
hopfield,64,2,3.083612,-1.0869083151,nan,2016
hopfield,128,0,3.052909,-1.0595163143,nan,4064
hopfield,128,1,3.051575,-1.0574700829,nan,4064
hopfield,128,2,3.053986,-1.0570033337,nan,4064
