depth,seed,method,budget,frac,step,lambda_max,lambda_min,kappa
4,0,pcalm,3,0.0,0,5.073882,0.09206511,55.112
4,0,pcalm,3,0.1,94,4.766989,0.10731870,44.419
4,0,pcalm,3,0.25,234,4.978871,0.09512645,52.340
4,0,pcalm,3,0.5,468,5.000837,0.09414590,53.118
4,0,pcalm,3,0.75,703,5.068498,0.09327402,54.340
4,0,pcalm,3,1.0,937,5.178178,0.09071070,57.085
4,1,pcalm,3,0.0,0,4.814535,0.10289363,46.791
4,1,pcalm,3,0.1,94,4.900099,0.09902595,49.483
4,1,pcalm,3,0.25,234,4.937253,0.09747925,50.649
4,1,pcalm,3,0.5,468,4.982321,0.09458757,52.674
4,1,pcalm,3,0.75,703,5.135192,0.08996847,57.078
4,1,pcalm,3,1.0,937,5.185925,0.08865749,58.494
4,2,pcalm,3,0.0,0,4.935920,0.09563118,51.614
4,2,pcalm,3,0.1,94,4.752280,0.10522090,45.165
4,2,pcalm,3,0.25,234,5.019482,0.09662422,51.948
4,2,pcalm,3,0.5,468,5.067306,0.09270286,54.662
4,2,pcalm,3,0.75,703,5.125354,0.09217674,55.604
4,2,pcalm,3,1.0,937,5.200037,0.08948703,58.109
8,0,pcalm,8,0.0,0,4.867191,0.01869610,260.332
8,0,pcalm,8,0.1,94,4.641533,0.02171353,213.762
8,0,pcalm,8,0.25,234,4.738436,0.01968378,240.728
8,0,pcalm,8,0.5,468,4.918081,0.01484631,331.266
8,0,pcalm,8,0.75,703,4.960732,0.01416038,350.325
8,0,pcalm,8,1.0,937,4.971856,0.01402798,354.424
8,1,pcalm,8,0.0,0,4.778005,0.01950262,244.993
8,1,pcalm,8,0.1,94,4.749627,0.01966662,241.507
8,1,pcalm,8,0.25,234,4.812272,0.01888365,254.838
8,1,pcalm,8,0.5,468,4.846774,0.01728510,280.402
8,1,pcalm,8,0.75,703,4.847353,0.01625807,298.151
8,1,pcalm,8,1.0,937,4.870713,0.01556459,312.936
8,2,pcalm,8,0.0,0,4.791463,0.01933569,247.804
8,2,pcalm,8,0.1,94,4.721680,0.02092120,225.689
8,2,pcalm,8,0.25,234,4.788087,0.01990792,240.512
8,2,pcalm,8,0.5,468,4.849914,0.01807862,268.268
8,2,pcalm,8,0.75,703,4.860813,0.01767831,274.959
8,2,pcalm,8,1.0,937,4.872843,0.01746251,279.046
16,0,pcalm,16,0.0,0,4.576049,0.00380493,1202.662
16,0,pcalm,16,0.1,94,4.529152,0.00436377,1037.898
16,0,pcalm,16,0.25,234,4.580701,0.00405249,1130.343
16,0,pcalm,16,0.5,468,4.602232,0.00351486,1309.365
16,0,pcalm,16,0.75,703,4.609254,0.00327453,1407.607
16,0,pcalm,16,1.0,937,4.637640,0.00295064,1571.740
16,1,pcalm,16,0.0,0,4.499111,0.00455835,987.003
16,1,pcalm,16,0.1,94,4.517769,0.00463150,975.444
16,1,pcalm,16,0.25,234,4.610806,0.00396532,1162.782
16,1,pcalm,16,0.5,468,4.637947,0.00322898,1436.352
16,1,pcalm,16,0.75,703,4.676844,0.00276182,1693.390
16,1,pcalm,16,1.0,937,4.702481,0.00271771,1730.311
16,2,pcalm,16,0.0,0,4.555238,0.00486562,936.209
16,2,pcalm,16,0.1,94,4.454840,0.00455966,977.012
16,2,pcalm,16,0.25,234,4.555183,0.00352759,1291.303
16,2,pcalm,16,0.5,468,4.557457,0.00331346,1375.437
16,2,pcalm,16,0.75,703,4.609717,0.00343621,1341.512
16,2,pcalm,16,1.0,937,4.627918,0.00352870,1311.507
32,0,pcalm,48,0.0,0,4.393786,0.00092624,4743.692
32,0,pcalm,48,0.1,94,4.356960,0.00102404,4254.679
32,0,pcalm,48,0.25,234,4.368180,0.00109096,4003.969
32,0,pcalm,48,0.5,468,4.390019,0.00084540,5192.816
32,0,pcalm,48,0.75,703,4.385435,0.00084349,5199.139
32,0,pcalm,48,1.0,937,4.375233,0.00082393,5310.195
32,1,pcalm,48,0.0,0,4.325310,0.00109647,3944.775
32,1,pcalm,48,0.1,94,4.322598,0.00102853,4202.693
32,1,pcalm,48,0.25,234,4.365794,0.00100290,4353.177
32,1,pcalm,48,0.5,468,4.372287,0.00098609,4433.952
32,1,pcalm,48,0.75,703,4.381218,0.00101047,4335.840
32,1,pcalm,48,1.0,937,4.388009,0.00100095,4383.851
32,2,pcalm,48,0.0,0,4.372580,0.00104460,4185.907
32,2,pcalm,48,0.1,94,4.383945,0.00095449,4592.951
32,2,pcalm,48,0.25,234,4.411849,0.00081643,5403.851
32,2,pcalm,48,0.5,468,4.416171,0.00074605,5919.378
32,2,pcalm,48,0.75,703,4.406329,0.00076064,5792.913
32,2,pcalm,48,1.0,937,4.415412,0.00074190,5951.531
64,0,pcalm,96,0.0,0,4.236261,0.00025675,16499.631
64,0,pcalm,96,0.1,94,4.204972,0.00029411,14297.310
64,0,pcalm,96,0.25,234,4.210888,0.00028470,14790.434
64,0,pcalm,96,0.5,468,4.242669,0.00023209,18280.586
64,0,pcalm,96,0.75,703,4.255076,0.00021723,19587.459
64,0,pcalm,96,1.0,937,4.264509,0.00020109,21207.054
64,1,pcalm,96,0.0,0,4.231855,0.00019395,21819.715
64,1,pcalm,96,0.1,94,4.231101,0.00021346,19821.758
64,1,pcalm,96,0.25,234,4.262020,0.00018225,23385.100
64,1,pcalm,96,0.5,468,4.266411,0.00017101,24948.589
64,1,pcalm,96,0.75,703,4.270539,0.00016454,25954.520
64,1,pcalm,96,1.0,937,4.274555,0.00016150,26467.056
64,2,pcalm,96,0.0,0,4.242085,0.00027730,15297.728
64,2,pcalm,96,0.1,94,4.245874,0.00028276,15016.030
64,2,pcalm,96,0.25,234,4.252740,0.00024849,17114.166
64,2,pcalm,96,0.5,468,4.262411,0.00022960,18564.748
64,2,pcalm,96,0.75,703,4.264835,0.00023056,18497.367
64,2,pcalm,96,1.0,937,4.264107,0.00020716,20583.383
128,0,pcalm,256,0.0,0,4.139012,0.00006364,65042.353
128,0,pcalm,256,0.1,94,4.134817,0.00005851,70669.421
128,0,pcalm,256,0.25,234,4.157287,0.00005023,82759.663
128,0,pcalm,256,0.5,468,4.167998,0.00003488,119504.416
128,0,pcalm,256,0.75,703,4.170196,0.00003784,110194.935
128,0,pcalm,256,1.0,937,4.170187,0.00003692,112956.886
128,1,pcalm,256,0.0,0,4.137926,0.00006467,63982.276
128,1,pcalm,256,0.1,94,4.140447,0.00006911,59911.890
128,1,pcalm,256,0.25,234,4.131450,0.00006386,64690.604
128,1,pcalm,256,0.5,468,4.133086,0.00005527,74779.067
128,1,pcalm,256,0.75,703,4.138932,0.00005251,78827.665
128,1,pcalm,256,1.0,937,4.144773,0.00005079,81598.230
128,2,pcalm,256,0.0,0,4.147161,0.00007578,54725.077
128,2,pcalm,256,0.1,94,4.128988,0.00007008,58919.020
128,2,pcalm,256,0.25,234,4.150924,0.00006311,65773.870
128,2,pcalm,256,0.5,468,4.159503,0.00005307,78381.289
128,2,pcalm,256,0.75,703,4.163719,0.00006480,64252.660
128,2,pcalm,256,1.0,937,4.161896,0.00005455,76289.437
