depth,seed,method,budget,test_acc,lambda_max,lambda_min,kappa,wall_sec
4,0,pcalm,3,0.8998,5.178178,0.09071069,57.085,3.4
4,1,pcalm,3,0.8922,5.185925,0.08865746,58.494,2.0
4,2,pcalm,3,0.9026,5.200037,0.08948705,58.109,1.8
8,0,pcalm,8,0.8927,4.971856,0.01402797,354.424,2.3
8,1,pcalm,8,0.8931,4.870713,0.01556458,312.936,2.9
8,2,pcalm,8,0.8922,4.872843,0.01746251,279.046,3.8
16,0,pcalm,16,0.8383,4.637640,0.00295065,1571.736,6.1
16,1,pcalm,16,0.8211,4.702481,0.00271771,1730.310,6.2
16,2,pcalm,16,0.8299,4.627918,0.00352869,1311.510,6.2
32,0,pcalm,48,0.8633,4.375233,0.00082394,5310.141,19.5
32,1,pcalm,48,0.8248,4.388009,0.00100093,4383.919,19.8
32,2,pcalm,48,0.8563,4.415412,0.00074190,5951.527,22.5
64,0,pcalm,96,0.8187,4.264509,0.00020109,21206.679,74.7
64,1,pcalm,96,0.8028,4.274555,0.00016150,26467.107,72.7
64,2,pcalm,96,0.834,4.264107,0.00020717,20582.364,73.7
