file,arm,act,gain,depth,seed,kappa,kappa_upper,upper_holds,B_lambda_min,B_lambda_max
isometry_a.jsonl,reference,relu,1.0,4,0,55.112,80.01,True,-0.000000,0.041948
isometry_a.jsonl,reference,relu,1.0,4,1,46.791,69.71,True,-0.000000,0.056190
isometry_a.jsonl,reference,relu,1.0,4,2,51.614,77.74,True,-0.000000,0.035122
isometry_a.jsonl,reference,relu,1.0,8,0,260.332,404.2,True,-0.000000,0.044489
isometry_a.jsonl,reference,relu,1.0,8,1,244.993,372.4,True,-0.000000,0.035551
isometry_a.jsonl,reference,relu,1.0,8,2,247.804,395.7,True,-0.000000,0.041793
isometry_a.jsonl,reference,relu,1.0,16,0,1202.659,1863,True,-0.000000,0.061144
isometry_a.jsonl,reference,relu,1.0,16,1,987.004,1542,True,-0.000000,0.029208
isometry_a.jsonl,reference,relu,1.0,16,2,936.208,1659,True,-0.000000,0.027659
isometry_a.jsonl,reference,relu,1.0,32,0,4743.678,7841,True,-0.000000,0.057821
isometry_a.jsonl,reference,relu,1.0,32,1,3944.788,6553,True,-0.000000,0.041707
isometry_a.jsonl,reference,relu,1.0,32,2,4185.917,7400,True,-0.000000,0.044183
isometry_a.jsonl,reference,relu,1.0,64,0,16499.361,3.185e+04,True,-0.000000,0.042698
isometry_a.jsonl,reference,relu,1.0,64,1,21819.308,3.474e+04,True,-0.000000,0.046360
isometry_a.jsonl,reference,relu,1.0,64,2,15297.728,2.884e+04,True,-0.000000,0.040104
isometry_a.jsonl,reference,relu,1.0,128,0,65044.476,1.153e+05,True,-0.000000,0.028802
isometry_a.jsonl,reference,relu,1.0,128,1,63980.907,1.258e+05,True,-0.000000,0.059543
isometry_a.jsonl,reference,relu,1.0,128,2,54724.171,1.163e+05,True,-0.000000,0.046668
isometry_a.jsonl,orth,linear,1.0,4,0,16.419,20.5,True,-0.000000,0.060433
isometry_a.jsonl,orth,linear,1.0,4,1,16.398,20.55,True,-0.000000,0.069533
isometry_a.jsonl,orth,linear,1.0,4,2,16.395,20.47,True,-0.000000,0.053871
isometry_a.jsonl,orth,linear,1.0,8,0,87.568,92.92,True,-0.000000,0.061096
isometry_a.jsonl,orth,linear,1.0,8,1,87.569,92.84,True,-0.000000,0.057420
isometry_a.jsonl,orth,linear,1.0,8,2,87.569,92.94,True,-0.000000,0.062085
isometry_a.jsonl,orth,linear,1.0,16,0,385.824,396.5,True,-0.000000,0.069103
isometry_a.jsonl,orth,linear,1.0,16,1,385.821,396,True,-0.000000,0.063374
isometry_a.jsonl,orth,linear,1.0,16,2,385.825,396.8,True,-0.000000,0.071921
isometry_a.jsonl,orth,linear,1.0,32,0,1604.912,1637,True,-0.000000,0.069955
isometry_a.jsonl,orth,linear,1.0,32,1,1604.822,1634,True,-0.000000,0.063314
isometry_a.jsonl,orth,linear,1.0,32,2,1604.850,1637,True,-0.000000,0.071018
isometry_a.jsonl,orth,linear,1.0,64,0,6532.228,6640,True,-0.000000,0.062831
isometry_a.jsonl,orth,linear,1.0,64,1,6532.408,6649,True,-0.000000,0.068532
isometry_a.jsonl,orth,linear,1.0,64,2,6530.679,6638,True,-0.000000,0.061734
isometry_a.jsonl,orth,tanh,1.0,4,0,15.184,19.75,True,-0.040832,0.061875
isometry_a.jsonl,orth,tanh,1.0,4,1,13.621,19.02,True,-0.030477,0.062945
isometry_a.jsonl,orth,tanh,1.0,4,2,15.368,19.77,True,-0.029503,0.043372
isometry_a.jsonl,orth,tanh,1.0,8,0,60.165,76.07,True,-0.022932,0.066841
isometry_a.jsonl,orth,tanh,1.0,8,1,61.103,74.66,True,-0.033934,0.055196
isometry_a.jsonl,orth,tanh,1.0,8,2,64.887,78.45,True,-0.022778,0.060622
isometry_a.jsonl,orth,tanh,1.0,16,0,231.040,268.6,True,-0.038222,0.059504
isometry_a.jsonl,orth,tanh,1.0,16,1,219.336,270.2,True,-0.012583,0.062748
isometry_a.jsonl,orth,tanh,1.0,16,2,233.825,282.8,True,-0.013481,0.070615
isometry_a.jsonl,orth,tanh,1.0,32,0,959.581,956.7,False,-0.021186,0.061869
isometry_a.jsonl,orth,tanh,1.0,32,1,1017.090,1006,False,-0.022475,0.063379
isometry_a.jsonl,orth,tanh,1.0,32,2,960.222,1025,True,-0.016208,0.073202
isometry_a.jsonl,orth,tanh,1.0,64,0,3788.393,3623,False,-0.010101,0.061547
isometry_a.jsonl,orth,tanh,1.0,64,1,4351.580,3770,False,-0.015313,0.066802
isometry_a.jsonl,orth,tanh,1.0,64,2,3588.897,3795,True,-0.007023,0.061941
isometry_a.jsonl,orth,tanh,1.0,128,0,91321.544,1.381e+04,False,-0.015471,0.070862
isometry_a.jsonl,orth,tanh,1.0,128,1,20410.526,1.41e+04,False,-0.008193,0.079039
isometry_a.jsonl,orth,tanh,1.0,128,2,18246.148,1.424e+04,False,-0.006709,0.083194
isometry_b.jsonl,orth,tanh,0.8,4,0,8.971,11.54,True,-0.032955,0.057518
isometry_b.jsonl,orth,tanh,0.8,4,1,8.326,11.29,True,-0.026106,0.066036
isometry_b.jsonl,orth,tanh,0.8,4,2,9.033,11.53,True,-0.023479,0.046909
isometry_b.jsonl,orth,tanh,0.8,8,0,24.687,28.64,True,-0.008437,0.060866
isometry_b.jsonl,orth,tanh,0.8,8,1,24.307,28.28,True,-0.013614,0.056801
isometry_b.jsonl,orth,tanh,0.8,8,2,25.580,28.96,True,-0.008290,0.063314
isometry_b.jsonl,orth,tanh,0.8,16,0,48.825,52.5,True,-0.003147,0.068306
isometry_b.jsonl,orth,tanh,0.8,16,1,48.853,52.28,True,-0.000960,0.063499
isometry_b.jsonl,orth,tanh,0.8,16,2,49.471,52.85,True,-0.001301,0.071575
isometry_b.jsonl,orth,tanh,0.8,32,0,68.744,71.05,True,-0.000083,0.069928
isometry_b.jsonl,orth,tanh,0.8,32,1,68.686,70.87,True,-0.000080,0.063312
isometry_b.jsonl,orth,tanh,0.8,32,2,68.894,71.18,True,-0.000058,0.071022
isometry_b.jsonl,orth,tanh,0.8,64,0,77.380,79.06,True,-0.000000,0.062831
isometry_b.jsonl,orth,tanh,0.8,64,1,77.362,79.19,True,-0.000000,0.068532
isometry_b.jsonl,orth,tanh,0.8,64,2,77.400,79.05,True,-0.000000,0.061734
isometry_b.jsonl,orth,tanh,0.8,128,0,80.001,81.87,True,-0.000000,0.072515
isometry_b.jsonl,orth,tanh,0.8,128,1,80.010,82.1,True,-0.000000,0.081835
isometry_b.jsonl,orth,tanh,0.8,128,2,80.020,82.13,True,-0.000000,0.083091
isometry_b.jsonl,orth,relu,0.8,4,0,23.240,29.11,True,-0.000000,0.042998
isometry_b.jsonl,orth,relu,0.8,4,1,22.963,29.01,True,-0.000000,0.049213
isometry_b.jsonl,orth,relu,0.8,4,2,23.329,29.05,True,-0.000000,0.034507
isometry_b.jsonl,orth,relu,0.8,8,0,99.802,131.9,True,-0.000000,0.042729
isometry_b.jsonl,orth,relu,0.8,8,1,86.447,122.9,True,-0.000000,0.042093
isometry_b.jsonl,orth,relu,0.8,8,2,113.162,150.4,True,-0.000000,0.039446
isometry_b.jsonl,orth,relu,0.8,16,0,267.259,382.8,True,-0.000000,0.053432
isometry_b.jsonl,orth,relu,0.8,16,1,208.590,318.4,True,-0.000000,0.043447
isometry_b.jsonl,orth,relu,0.8,16,2,197.506,284.3,True,-0.000000,0.044666
isometry_b.jsonl,orth,relu,0.8,32,0,385.488,569.6,True,-0.000000,0.040787
isometry_b.jsonl,orth,relu,0.8,32,1,350.373,502.9,True,-0.000000,0.039354
isometry_b.jsonl,orth,relu,0.8,32,2,332.247,542.5,True,-0.000000,0.035228
isometry_b.jsonl,orth,relu,0.8,64,0,403.373,646.1,True,-0.000000,0.040148
isometry_b.jsonl,orth,relu,0.8,64,1,389.048,597.8,True,-0.000000,0.041009
isometry_b.jsonl,orth,relu,0.8,64,2,516.561,812.9,True,-0.000000,0.032508
isometry_b.jsonl,orth,relu,0.8,128,0,552.123,826.5,True,-0.000000,0.056857
isometry_b.jsonl,orth,relu,0.8,128,1,516.429,769.2,True,-0.000000,0.059576
isometry_b.jsonl,orth,relu,0.8,128,2,517.307,818.7,True,-0.000000,0.045194
isometry_b.jsonl,orth,tanh,1.2,4,0,25.380,33,True,-0.045359,0.066708
isometry_b.jsonl,orth,tanh,1.2,4,1,21.973,31.29,True,-0.030346,0.061416
isometry_b.jsonl,orth,tanh,1.2,4,2,25.948,33.15,True,-0.029719,0.040073
isometry_b.jsonl,orth,tanh,1.2,8,0,144.731,197.8,True,-0.033353,0.060516
isometry_b.jsonl,orth,tanh,1.2,8,1,162.218,192.3,True,-0.042886,0.050064
isometry_b.jsonl,orth,tanh,1.2,8,2,161.199,213.1,True,-0.031723,0.057757
isometry_b.jsonl,orth,tanh,1.2,16,0,1031.478,1167,True,-0.034776,0.051148
isometry_b.jsonl,orth,tanh,1.2,16,1,1138.027,1284,True,-0.019784,0.057322
isometry_b.jsonl,orth,tanh,1.2,16,2,1171.095,1414,True,-0.025057,0.062173
isometry_b.jsonl,gauss,relu,1.0,4,0,135.503,237.8,True,-0.000000,0.041930
isometry_b.jsonl,gauss,relu,1.0,4,1,100.150,175.6,True,-0.000000,0.039574
isometry_b.jsonl,gauss,relu,1.0,4,2,162.690,278.7,True,-0.000000,0.040979
isometry_b.jsonl,gauss,relu,1.0,8,0,1714.570,3397,True,-0.000000,0.046039
isometry_b.jsonl,gauss,relu,1.0,8,1,676.624,1516,True,-0.000000,0.041547
isometry_b.jsonl,gauss,relu,1.0,8,2,1105.019,3419,True,-0.000000,0.040324
isometry_b.jsonl,gauss,relu,1.0,16,0,8915.671,3.461e+04,True,-0.000000,0.041382
isometry_b.jsonl,gauss,relu,1.0,16,1,4356.519,9580,True,-0.000000,0.036821
isometry_b.jsonl,gauss,relu,1.0,16,2,8061.984,2.438e+04,True,-0.000000,0.051911
isometry_b.jsonl,gauss,relu,1.0,32,0,46298.304,9.854e+04,True,-0.000000,0.043588
isometry_b.jsonl,gauss,relu,1.0,32,1,12028.958,4.942e+04,True,-0.000000,0.035457
isometry_b.jsonl,gauss,relu,1.0,32,2,28322.842,6.537e+04,True,-0.000000,0.042938
isometry_b.jsonl,gauss,relu,1.0,64,0,60982.326,4.834e+05,True,-0.000000,0.044037
isometry_b.jsonl,gauss,relu,1.0,64,1,121517.967,3.593e+05,True,-0.000000,0.040340
isometry_b.jsonl,gauss,relu,1.0,64,2,52570.862,2.317e+05,True,-0.000000,0.043157
isometry_b.jsonl,gauss,relu,1.0,128,0,1193799.645,2.376e+07,True,-0.000000,0.038144
isometry_b.jsonl,gauss,relu,1.0,128,1,236506.228,3.942e+05,True,-0.000000,0.060069
isometry_b.jsonl,gauss,relu,1.0,128,2,1311825.241,2.056e+06,True,-0.000000,0.038807
isometry_relu.jsonl,orth,relu,1.0,4,0,48.306,60.66,True,-0.000000,0.042998
isometry_relu.jsonl,orth,relu,1.0,4,1,47.484,60.32,True,-0.000000,0.049213
isometry_relu.jsonl,orth,relu,1.0,4,2,48.642,60.57,True,-0.000000,0.034507
isometry_relu.jsonl,orth,relu,1.0,8,0,440.376,621.4,True,-0.000000,0.042729
isometry_relu.jsonl,orth,relu,1.0,8,1,350.492,533,True,-0.000000,0.042093
isometry_relu.jsonl,orth,relu,1.0,8,2,535.370,763.7,True,-0.000000,0.039446
isometry_relu.jsonl,orth,relu,1.0,16,0,3418.259,6646,True,-0.000000,0.053432
isometry_relu.jsonl,orth,relu,1.0,16,1,2355.546,3806,True,-0.000000,0.043447
isometry_relu.jsonl,orth,relu,1.0,16,2,2042.646,3936,True,-0.000000,0.044666
isometry_relu.jsonl,orth,relu,1.0,32,0,31322.551,4.932e+04,True,-0.000000,0.040787
isometry_relu.jsonl,orth,relu,1.0,32,1,7241.120,2.022e+04,True,-0.000000,0.039354
isometry_relu.jsonl,orth,relu,1.0,32,2,14316.664,3.086e+04,True,-0.000000,0.035228
isometry_relu.jsonl,orth,relu,1.0,64,0,44267.906,7.756e+04,True,-0.000000,0.040148
isometry_relu.jsonl,orth,relu,1.0,64,1,36597.206,6.118e+04,True,-0.000000,0.041009
isometry_relu.jsonl,orth,relu,1.0,64,2,241553.439,5.052e+05,True,-0.000000,0.032508
isometry_relu.jsonl,orth,relu,1.0,128,0,713364.965,1.119e+06,True,-0.000000,0.056857
isometry_relu.jsonl,orth,relu,1.0,128,1,176001.014,2.774e+05,True,-0.000000,0.059576
isometry_relu.jsonl,orth,relu,1.0,128,2,508085.351,8.23e+05,True,-0.000000,0.045194
