activation,method,T,cos_to_TRUE_BP,dual_L2,max_rel_resid
linear,pcalm,1,0.612768,0.0000e+00,6.2128e-03
linear,pcalm,4,0.627951,1.3695e+00,5.0285e-03
linear,pcalm,16,0.679914,4.3625e+00,2.7830e-03
linear,pcalm,64,0.926868,9.6087e+00,3.1175e-03
linear,pcalm,256,0.913754,1.7262e+01,9.4436e-04
linear,pcalm,1024,0.936828,1.5247e+01,6.3387e-04
linear,pcalm,4096,0.987819,1.4079e+01,3.3009e-04
linear,pcalm,16384,0.999737,1.2936e+01,2.3988e-05
relu,pcalm,1,0.670896,0.0000e+00,4.1818e-03
relu,pcalm,4,0.679368,8.0432e-01,3.2946e-03
relu,pcalm,16,0.713129,2.5737e+00,1.7318e-03
relu,pcalm,64,0.929818,5.6020e+00,1.9088e-03
relu,pcalm,256,0.919762,8.5792e+00,5.5936e-04
relu,pcalm,1024,0.955750,8.8239e+00,5.9296e-04
relu,pcalm,4096,0.940935,9.9131e+00,1.0083e-03
relu,pcalm,16384,0.887543,1.2206e+01,1.3736e-03
