depth,seed,method,T_ref_used,ref_gap,ref_stable,T_conv_tol0.1,floor_limited_tol0.1,T_conv_tol0.03,floor_limited_tol0.03,T_conv_tol0.01,floor_limited_tol0.01,censored
128,0,pc,107008,0.0009891304653137922,1,57164,0,93947,0,100862,0,0
128,0,pcalm,100352,0.06566958129405975,0,,0,,0,,0,1
128,1,pc,92672,0.0009739914676174521,1,50530,0,73792,0,85422,0,0
128,1,pcalm,100352,0.08707216382026672,0,,0,,0,,0,1
128,2,pc,109568,0.000993715482763946,1,60932,0,93367,0,102832,0,0
128,2,pcalm,100352,0.14316853880882263,0,,0,,0,,0,1
128,3,pc,86528,0.0009884858736768365,1,42804,0,70127,0,81062,0,0
128,3,pcalm,100352,0.13733366131782532,0,,0,,0,,0,1
128,4,pc,83456,0.0009788477327674627,1,44140,0,67573,0,77850,0,0
128,4,pcalm,100352,0.11673241853713989,0,,0,,0,,0,1
16,0,pc,6144,0.0007480737403966486,1,654,0,2148,0,3586,0,0
16,0,pcalm,100352,0.01701401360332966,0,,0,,0,,0,1
16,1,pc,9216,0.0009452407248318195,1,817,0,2149,0,6912,0,0
16,1,pcalm,100352,0.02595454454421997,0,,0,,0,,0,1
16,2,pc,9216,0.0009463507449254394,1,757,0,1909,0,3865,0,0
16,2,pcalm,100352,0.016769398003816605,0,,0,,0,,0,1
16,3,pc,5632,0.0009332381305284798,1,592,0,1566,0,2566,0,0
16,3,pcalm,100352,0.014219135977327824,0,,0,,0,,0,1
16,4,pc,6144,0.0008923128480091691,1,527,0,1789,0,3053,0,0
16,4,pcalm,100352,0.03309117630124092,0,,0,,0,,0,1
32,0,pc,16384,0.0009449526551179588,1,3561,0,9380,0,12434,0,0
32,0,pcalm,100352,0.023586902767419815,0,,0,,0,,0,1
32,1,pc,16384,0.0009692428866401315,1,3401,0,6979,0,10571,0,0
32,1,pcalm,100352,0.03101971745491028,0,,0,,0,,0,1
32,2,pc,100352,0.001236972282640636,0,,0,,0,,0,1
32,2,pcalm,100352,0.024349140003323555,0,,0,,0,,0,1
32,3,pc,15872,0.0009448676137253642,1,2929,0,8301,0,11067,0,0
32,3,pcalm,100352,0.05241968482732773,0,,0,,0,,0,1
32,4,pc,16384,0.0009901855373755097,1,2857,0,8879,0,12654,0,0
32,4,pcalm,100352,0.014880836941301823,0,,0,,0,,0,1
4,0,pc,1024,0.0003255053889006376,1,,1,33,0,87,0,0
4,0,pcalm,100352,0.0033459870610386133,0,,0,,0,,0,1
4,1,pc,1024,0.00028254181961528957,1,,1,30,0,79,0,0
4,1,pcalm,100352,0.0023038263898342848,0,,0,,0,,0,1
4,2,pc,1024,0.0004045007226523012,1,,1,29,0,72,0,0
4,2,pcalm,100352,0.0036221398040652275,0,,0,,0,,0,1
4,3,pc,1024,0.0005435057100839913,1,,1,31,0,73,0,0
4,3,pcalm,100352,0.004745693877339363,0,,0,,0,,0,1
4,4,pc,1024,0.00027963132015429437,1,,1,34,0,82,0,0
4,4,pcalm,100352,0.003674739971756935,0,,0,,0,,0,1
64,0,pc,39936,0.0009970134124159813,1,15854,0,28040,0,34544,0,0
64,0,pcalm,100352,0.06053093448281288,0,,0,,0,,0,1
64,1,pc,41984,0.000991612090729177,1,13126,0,25779,0,34604,0,0
64,1,pcalm,100352,0.04630099982023239,0,,0,,0,,0,1
64,2,pc,45056,0.0009974867571145296,1,16319,0,32948,0,38782,0,0
64,2,pcalm,100352,0.05532905459403992,0,,0,,0,,0,1
64,3,pc,61440,0.0009871770162135363,1,14424,0,46023,0,52796,0,0
64,3,pcalm,100352,0.03723243251442909,0,,0,,0,,0,1
64,4,pc,36864,0.000990779371932149,1,12462,0,25286,0,31332,0,0
64,4,pcalm,100352,0.043837372213602066,0,,0,,0,,0,1
8,0,pc,2048,0.0008538574329577386,1,71,0,313,0,580,0,0
8,0,pcalm,100352,0.00645330548286438,0,,0,,0,,0,1
8,1,pc,2048,0.0005268484237603843,1,29,0,265,0,515,0,0
8,1,pcalm,100352,0.007175863720476627,0,,0,,0,,0,1
8,2,pc,2048,0.0006238095811568201,1,70,0,310,0,568,0,0
8,2,pcalm,100352,0.008716047741472721,0,,0,,0,,0,1
8,3,pc,2048,0.0006123266648501158,1,67,0,285,0,575,0,0
8,3,pcalm,100352,0.011345121078193188,0,,0,,0,,0,1
8,4,pc,2048,0.0006463583558797836,1,67,0,328,0,573,0,0
8,4,pcalm,100352,0.007818017154932022,0,,0,,0,,0,1
