depth,seed,method,B_final,self_consistent,margin,dist_at_T1,T_conv_tol0.1,floor_limited_tol0.1,T_conv_tol0.03,floor_limited_tol0.03,T_conv_tol0.01,floor_limited_tol0.01,censored
128,0,pc,1048576,1,5.43171352054163,0.688085675239563,84193,0,155437,0,193047,0,False
128,1,pc,1048576,1,5.360680964188032,0.6667175889015198,78295,0,141396,0,195605,0,False
128,2,pc,1048576,1,4.339072825758611,0.6972015500068665,91727,0,215508,0,241659,0,False
128,3,pc,1048576,1,4.256586371792062,0.6578719019889832,71844,0,174811,0,246342,0,False
128,4,pc,2097152,1,5.898481469085141,0.6111384630203247,92425,0,180216,0,355541,0,False
16,0,pc,16384,1,4.487537660914818,0.26740244030952454,659,0,2190,0,3651,0,False
16,1,pc,32768,1,4.722974920726434,0.34615644812583923,818,0,2155,0,6938,0,False
16,2,pc,16384,1,4.237972064148991,0.34321051836013794,757,0,1910,0,3866,0,False
16,3,pc,8192,1,3.1580570547417115,0.304485559463501,593,0,1574,0,2594,0,False
16,4,pc,16384,1,5.309138042773817,0.2581897974014282,529,0,1797,0,3086,0,False
32,0,pc,65536,1,4.731157955529888,0.4047389328479767,3702,0,10011,0,13852,0,False
32,1,pc,65536,1,5.735188588430909,0.5478516221046448,3451,0,7253,0,11427,0,False
32,2,pc,65536,1,4.9928386408654575,0.554701566696167,3979,0,9021,0,13126,0,False
32,3,pc,65536,1,5.533733006839483,0.43264028429985046,2982,0,8634,0,11843,0,False
32,4,pc,65536,1,4.553640911617565,0.3813730478286743,2944,0,10041,0,14392,0,False
4,0,pc,1024,1,11.770114942528735,0.07405732572078705,,1,33,0,87,0,False
4,1,pc,1024,1,12.962025316455696,0.07086890935897827,,1,30,0,79,0,False
4,2,pc,1024,1,14.222222222222221,0.07164645940065384,,1,29,0,72,0,False
4,3,pc,1024,1,14.027397260273972,0.07869333773851395,,1,31,0,73,0,False
4,4,pc,1024,1,12.487804878048781,0.07861506938934326,,1,34,0,82,0,False
64,0,pc,524288,1,5.27696922116875,0.5097089409828186,22172,0,51375,0,99354,0,False
64,1,pc,262144,1,4.068032278088144,0.6095667481422424,15924,0,53142,0,64440,0,False
64,2,pc,524288,1,5.2680613331725645,0.6245118379592896,18500,0,42391,0,99522,0,False
64,3,pc,262144,1,3.88943456134364,0.5491257905960083,15404,0,50060,0,67399,0,False
64,4,pc,131072,1,3.025040965635025,0.4944818913936615,13677,0,29343,0,43329,0,False
8,0,pc,2048,1,3.5310344827586206,0.1746205985546112,71,0,313,0,580,0,False
8,1,pc,2048,1,3.9766990291262134,0.12980830669403076,29,0,265,0,515,0,False
8,2,pc,2048,1,3.6056338028169015,0.17215558886528015,70,0,310,0,568,0,False
8,3,pc,2048,1,3.5617391304347827,0.17438478767871857,67,0,285,0,575,0,False
8,4,pc,2048,1,3.574171029668412,0.16139623522758484,67,0,328,0,573,0,False
