depth,seed,method,point,probe_budget,resid_T1,resid_min,resid_argmin,resid_final,resid_max,grows_from_T1,min_is_at_T1,T_res_tol0.001,censored_tol0.001,T_res_tol0.000316226,censored_tol0.000316226,T_res_tol0.0001,censored_tol0.0001
128,0,pc,init,8192,0.0048160310834646225,0.0048160310834646225,1,0.007776562124490738,0.015131021849811077,1,1,,1,,1,,1
128,0,pc,trained,8192,0.0030254723969846964,0.0030254723969846964,1,0.004996097180992365,0.009161899797618389,1,1,,1,,1,,1
128,0,pcalm,init,8192,0.0048160310834646225,0.00019851649994961917,3638,0.00025260986876673996,0.0048160310834646225,0,0,69,0,457,0,,1
128,0,pcalm,trained,8192,0.0012439580168575048,8.780927601037547e-05,5795,9.942267934093252e-05,0.0012439580168575048,0,0,3,0,61,0,1944,0
128,1,pc,init,8192,0.005450436845421791,0.005450436845421791,1,0.0069284625351428986,0.01616148091852665,1,1,,1,,1,,1
128,1,pc,trained,8192,0.002828503493219614,0.002828503493219614,1,0.00440356507897377,0.008583525195717812,1,1,,1,,1,,1
128,1,pcalm,init,8192,0.005450436845421791,0.00019290641648694873,5699,0.00021499895956367254,0.005450436845421791,0,0,96,0,492,0,,1
128,1,pcalm,trained,8192,0.001312578679062426,5.963875446468592e-05,7806,6.23129089944996e-05,0.0013175298226997256,1,0,3,0,64,0,431,0
128,2,pc,init,8192,0.005998907145112753,0.005998907145112753,1,0.008760437369346619,0.01838471181690693,1,1,,1,,1,,1
128,2,pc,trained,8192,0.004194768611341715,0.004194768611341715,1,0.005959829315543175,0.012560955248773098,1,1,,1,,1,,1
128,2,pcalm,init,8192,0.005998907145112753,0.00018994165293406695,4434,0.00023765543301124126,0.006018449552357197,1,0,84,0,485,0,,1
128,2,pcalm,trained,8192,0.0017330663977190852,8.997628901852295e-05,7266,9.208145638694987e-05,0.0017330663977190852,0,0,7,0,113,0,3206,0
128,3,pc,init,8192,0.005419209133833647,0.005419209133833647,1,0.008313319645822048,0.016837092116475105,1,1,,1,,1,,1
128,3,pc,trained,8192,0.003698883345350623,0.003698883345350623,1,0.00576082244515419,0.011193805374205112,1,1,,1,,1,,1
128,3,pcalm,init,8192,0.005419209133833647,0.0002019397943513468,2618,0.00029305010684765875,0.005419209133833647,0,0,78,0,460,0,,1
128,3,pcalm,trained,8192,0.001535572111606598,8.699602039996535e-05,7082,9.486740600550547e-05,0.001535572111606598,0,0,5,0,79,0,2007,0
128,4,pc,init,8192,0.004388212226331234,0.004388212226331234,1,0.006867377087473869,0.013470318168401718,1,1,,1,,1,,1
128,4,pc,trained,8192,0.0035477355122566223,0.0035477355122566223,1,0.005439034663140774,0.010813508182764053,1,1,,1,,1,,1
128,4,pcalm,init,8192,0.004388212226331234,0.00013891933485865593,4412,0.0001635979424463585,0.004400392062962055,1,0,46,0,389,0,,1
128,4,pcalm,trained,8192,0.001345744007267058,8.242374315159395e-05,6303,8.596294355811551e-05,0.001345744007267058,0,0,5,0,57,0,1904,0
16,0,pc,init,2048,0.004294601734727621,0.004294601734727621,1,0.01671256311237812,0.01671256311237812,1,1,,1,,1,,1
16,0,pc,trained,2048,0.0015537147410213947,0.0015537147410213947,1,0.010952162556350231,0.010952162556350231,1,1,,1,,1,,1
16,0,pcalm,init,2048,0.004294601734727621,0.0004659049736801535,1932,0.000627134635578841,0.004682220984250307,1,0,51,0,,1,,1
16,0,pcalm,trained,2048,0.0011952354107052088,0.0003400657733436674,564,0.0004252334183547646,0.0012691222364082932,1,0,5,0,,1,,1
16,1,pc,init,2048,0.005162154324352741,0.005162154324352741,1,0.019450757652521133,0.019450757652521133,1,1,,1,,1,,1
16,1,pc,trained,2048,0.0014124466106295586,0.0014124466106295586,1,0.009832698851823807,0.009832698851823807,1,1,,1,,1,,1
16,1,pcalm,init,2048,0.005162154324352741,0.0007802913314662874,1279,0.0011617881245911121,0.005646600853651762,1,0,75,0,,1,,1
16,1,pcalm,trained,2048,0.0012226139660924673,0.00028617685893550515,1882,0.00036517789703793824,0.0012837849790230393,1,0,5,0,754,0,,1
16,2,pc,init,2048,0.005381926894187927,0.005381926894187927,1,0.021881578490138054,0.021881578490138054,1,1,,1,,1,,1
16,2,pc,trained,2048,0.0017039628000929952,0.0017039628000929952,1,0.013006030581891537,0.013006030581891537,1,1,,1,,1,,1
16,2,pcalm,init,2048,0.005381926894187927,0.0004620271211024374,1955,0.0005017405492253602,0.005850036628544331,1,0,80,0,,1,,1
16,2,pcalm,trained,2048,0.001502161263488233,0.00015486912161577493,2022,0.00017927560838870704,0.0015808892203494906,1,0,7,0,744,0,,1
16,3,pc,init,2048,0.005350260529667139,0.005350260529667139,1,0.02049616165459156,0.02049616165459156,1,1,,1,,1,,1
16,3,pc,trained,2048,0.0016161740059033036,0.0016161740059033036,1,0.013533858582377434,0.013533858582377434,1,1,,1,,1,,1
16,3,pcalm,init,2048,0.005350260529667139,0.000916742836125195,87,0.0014811125583946705,0.005659657530486584,1,0,76,0,,1,,1
16,3,pcalm,trained,2048,0.001303638331592083,0.00019108019478153437,1940,0.0002870264870580286,0.00137465784791857,1,0,5,0,723,0,,1
16,4,pc,init,2048,0.0047216871753335,0.0047216871753335,1,0.016881881281733513,0.016881881281733513,1,1,,1,,1,,1
16,4,pc,trained,2048,0.0016395158600062132,0.0016395158600062132,1,0.011979706585407257,0.011979706585407257,1,1,,1,,1,,1
16,4,pcalm,init,2048,0.0047216871753335,0.0006419559940695763,640,0.0008811186417005956,0.005162582732737064,1,0,52,0,,1,,1
16,4,pcalm,trained,2048,0.0012886194745078683,0.00014971297059673816,2040,0.00015535125567112118,0.0013888245448470116,1,0,5,0,501,0,,1
256,0,pc,init,16384,0.0047074006870388985,0.0047074006870388985,1,0.006355435587465763,0.014981147833168507,1,1,,1,,1,,1
256,0,pc,trained,16384,0.002965094055980444,0.002965094055980444,1,0.003984177950769663,0.009105139411985874,1,1,,1,,1,,1
256,0,pcalm,init,16384,0.0047074006870388985,0.0001221017591888085,5570,0.00014453103358391672,0.0047074006870388985,0,0,59,0,688,0,,1
256,0,pcalm,trained,16384,0.0012221840443089604,4.9290953029412776e-05,13550,7.746510527795181e-05,0.0012221840443089604,0,0,3,0,45,0,764,0
256,1,pc,init,16384,0.0042327409610152245,0.0042327409610152245,1,0.005422705318778753,0.013201160356402397,1,1,,1,,1,,1
256,1,pc,trained,16384,0.003023975295946002,0.003023975295946002,1,0.003924889490008354,0.00921593327075243,1,1,,1,,1,,1
256,1,pcalm,init,16384,0.0042327409610152245,0.00010097151971422136,8105,0.00020769894763361663,0.0042327409610152245,0,0,41,0,610,0,,1
256,1,pcalm,trained,16384,0.0013931161956861615,3.855648174067028e-05,14671,4.3410782382125035e-05,0.0013931161956861615,0,0,5,0,52,0,748,0
256,2,pc,init,16384,0.0052699432708323,0.0052699432708323,1,0.006482447497546673,0.016301030293107033,1,1,,1,,1,,1
256,2,pc,trained,16384,0.0038084399420768023,0.0038084399420768023,1,0.0050727203488349915,0.011505650356411934,1,1,,1,,1,,1
256,2,pcalm,init,16384,0.0052699432708323,0.00010110648145200685,8567,0.0003081191098317504,0.0052699432708323,0,0,71,0,610,0,,1
256,2,pcalm,trained,16384,0.001498958095908165,5.6251694331876934e-05,15199,6.889738870086148e-05,0.001498958095908165,0,0,5,0,85,0,835,0
256,3,pc,init,16384,0.006073768250644207,0.006073768250644207,1,0.006584231276065111,0.019063817337155342,1,1,,1,,1,,1
256,3,pc,trained,16384,0.00405357638373971,0.00405357638373971,1,0.0049055456183850765,0.012270626612007618,1,1,,1,,1,,1
256,3,pcalm,init,16384,0.006073768250644207,0.00013093142479192466,12466,0.00015125908248592168,0.006073768250644207,0,0,87,0,769,0,,1
256,3,pcalm,trained,16384,0.00132858008146286,5.183032408240251e-05,15682,5.372169107431546e-05,0.00132858008146286,0,0,3,0,47,0,765,0
256,4,pc,init,16384,0.005424447823315859,0.005424447823315859,1,0.006157965399324894,0.01649549789726734,1,1,,1,,1,,1
256,4,pc,trained,16384,0.00471119862049818,0.00471119862049818,1,0.004909825511276722,0.013992591761052608,1,1,,1,,1,,1
256,4,pcalm,init,16384,0.005424447823315859,0.0001091479352908209,9094,0.0001419827895006165,0.005424447823315859,0,0,73,0,677,0,,1
256,4,pcalm,trained,16384,0.0020562673453241587,6.399930862244219e-05,15562,6.72084279358387e-05,0.0020562673453241587,0,0,11,0,155,0,907,0
32,0,pc,init,2048,0.004058951046317816,0.004058951046317816,1,0.010395416989922523,0.013518987223505974,1,1,,1,,1,,1
32,0,pc,trained,2048,0.0027020256966352463,0.0027020256966352463,1,0.007006785366684198,0.008402529172599316,1,1,,1,,1,,1
32,0,pcalm,init,2048,0.004058951046317816,0.00045253607095219195,172,0.0005578963318839669,0.004250610247254372,1,0,76,0,,1,,1
32,0,pcalm,trained,2048,0.0012149494141340256,0.00019260622502770275,1529,0.00021074715186841786,0.0012679729843512177,1,0,3,0,87,0,,1
32,1,pc,init,2048,0.0053628720343112946,0.0053628720343112946,1,0.013361262157559395,0.017757391557097435,1,1,,1,,1,,1
32,1,pc,trained,2048,0.0022259007673710585,0.0022259007673710585,1,0.0061798072420060635,0.007041810546070337,1,1,,1,,1,,1
32,1,pcalm,init,2048,0.0053628720343112946,0.0005534542142413557,168,0.000658064556773752,0.005602569784969091,1,0,91,0,,1,,1
32,1,pcalm,trained,2048,0.0012159158941358328,0.00016111448348965496,1967,0.00017912212933879346,0.0012590951519086957,1,0,3,0,81,0,,1
32,2,pc,init,2048,0.005844689439982176,0.005844689439982176,1,0.013303952291607857,0.018797481432557106,1,1,,1,,1,,1
32,2,pc,trained,2048,0.0024584478233009577,0.0024584478233009577,1,0.008022425696253777,0.008022425696253777,1,1,,1,,1,,1
32,2,pcalm,init,2048,0.005844689439982176,0.0005942775751464069,1184,0.0007537634228356183,0.006124939303845167,1,0,97,0,,1,,1
32,2,pcalm,trained,2048,0.0013999672373756766,0.000236502310144715,1856,0.00026319100288674235,0.0014627892524003983,1,0,5,0,98,0,,1
32,3,pc,init,2048,0.005357018671929836,0.005357018671929836,1,0.012741508893668652,0.017492331564426422,1,1,,1,,1,,1
32,3,pc,trained,2048,0.0031115387100726366,0.0031115387100726366,1,0.009170533157885075,0.009700299240648746,1,1,,1,,1,,1
32,3,pcalm,init,2048,0.005357018671929836,0.00044444057857617736,2024,0.00046777952229604125,0.005526270717382431,1,0,84,0,,1,,1
32,3,pcalm,trained,2048,0.0012684445828199387,0.00022844657360110432,1603,0.0002528922923374921,0.001309258514083922,1,0,5,0,88,0,,1
32,4,pc,init,2048,0.004433334339410067,0.004433334339410067,1,0.01113128662109375,0.014506271108984947,1,1,,1,,1,,1
32,4,pc,trained,2048,0.0033443791326135397,0.0033443791326135397,1,0.009731045924127102,0.010513992048799992,1,1,,1,,1,,1
32,4,pcalm,init,2048,0.004433334339410067,0.00043768607429228723,560,0.0006661824299953878,0.0046105594374239445,1,0,76,0,,1,,1
32,4,pcalm,trained,2048,0.0014542918652296066,0.00021863941219635308,1733,0.0002727300161495805,0.001497608725912869,1,0,7,0,104,0,,1
4,0,pc,init,2048,0.004164532292634249,0.004164532292634249,1,0.02376401796936989,0.023767895996570587,1,1,,1,,1,,1
4,0,pc,trained,2048,0.0010105216642841697,0.0010105216642841697,1,0.008983008563518524,0.008984108455479145,1,1,,1,,1,,1
4,0,pcalm,init,2048,0.004164532292634249,0.0006259822985157371,1976,0.0009433525847271085,0.005283071659505367,1,0,128,0,,1,,1
4,0,pcalm,trained,2048,0.0010067622642964125,0.00017115665832534432,1391,0.00026535423239693046,0.0016118286876007915,1,0,3,0,139,0,,1
4,1,pc,init,2048,0.0042398786172270775,0.0042398786172270775,1,0.024702200666069984,0.024703336879611015,1,1,,1,,1,,1
4,1,pc,trained,2048,0.000931593356654048,0.000931593356654048,1,0.008245517499744892,0.008245930075645447,1,1,1,0,,1,,1
4,1,pcalm,init,2048,0.0042398786172270775,0.00046000906149856746,1634,0.0007058932678773999,0.005572758615016937,1,0,108,0,,1,,1
4,1,pcalm,trained,2048,0.0008726632804609835,1.2814484762202483e-05,467,1.294754292757716e-05,0.0014583093579858541,1,0,1,0,89,0,203,0
4,2,pc,init,2048,0.004382865969091654,0.004382865969091654,1,0.025300493463873863,0.025303395465016365,1,1,,1,,1,,1
4,2,pc,trained,2048,0.001324519980698824,0.001324519980698824,1,0.011355538852512836,0.011359396390616894,1,1,,1,,1,,1
4,2,pcalm,init,2048,0.004382865969091654,0.0002308025286765769,1343,0.0002685300714801997,0.005948699079453945,1,0,96,0,264,0,,1
4,2,pcalm,trained,2048,0.0013215106446295977,6.759284588042647e-05,1054,9.237936319550499e-05,0.0020924240816384554,1,0,18,0,137,0,292,0
4,3,pc,init,2048,0.005593722220510244,0.005593722220510244,1,0.03205431252717972,0.03205975517630577,1,1,,1,,1,,1
4,3,pc,trained,2048,0.0013780747540295124,0.0013780747540295124,1,0.010936299338936806,0.010936577804386616,1,1,,1,,1,,1
4,3,pcalm,init,2048,0.005593722220510244,0.0013123290846124291,956,0.0016641764668747783,0.007566547021269798,1,0,,1,,1,,1
4,3,pcalm,trained,2048,0.0013925305102020502,0.0002833030594047159,1120,0.0003589507541619241,0.0022117167245596647,1,0,18,0,260,0,,1
4,4,pc,init,2048,0.004954661708325148,0.004954661708325148,1,0.028348688036203384,0.028351563960313797,1,1,,1,,1,,1
4,4,pc,trained,2048,0.0012834599474444985,0.0012834599474444985,1,0.011026968248188496,0.011027532629668713,1,1,,1,,1,,1
4,4,pcalm,init,2048,0.004954661708325148,0.0005013292538933456,1033,0.0005638916045427322,0.00629350496456027,1,0,107,0,,1,,1
4,4,pcalm,trained,2048,0.0012633779551833868,0.0002725901722442359,1748,0.0005203094915486872,0.002030461560934782,1,0,18,0,284,0,,1
64,0,pc,init,4096,0.003858709242194891,0.003858709242194891,1,0.008407007902860641,0.01240873709321022,1,1,,1,,1,,1
64,0,pc,trained,4096,0.002526614349335432,0.002526614349335432,1,0.005653466563671827,0.007891710847616196,1,1,,1,,1,,1
64,0,pcalm,init,4096,0.003858709242194891,0.00023477154900319874,2368,0.00030650501139461994,0.003957125823944807,1,0,41,0,240,0,,1
64,0,pcalm,trained,4096,0.001118513522669673,0.00010094475146615878,4090,0.00010105827823281288,0.0011401084484532475,1,0,3,0,50,0,,1
64,1,pc,init,4096,0.004835376515984535,0.004835376515984535,1,0.009818864986300468,0.01534940768033266,1,1,,1,,1,,1
64,1,pc,trained,4096,0.0022854029666632414,0.0022854029666632414,1,0.0048315576277673244,0.007167857605963945,1,1,,1,,1,,1
64,1,pcalm,init,4096,0.004835376515984535,0.0002487803576514125,3724,0.000250337237957865,0.0048475502990186214,1,0,77,0,856,0,,1
64,1,pcalm,trained,4096,0.001190492883324623,0.00011460140376584604,3419,0.00014110036136116832,0.001202432787977159,1,0,3,0,63,0,,1
64,2,pc,init,4096,0.005757972598075867,0.005757972598075867,1,0.011571677401661873,0.018530817702412605,1,1,,1,,1,,1
64,2,pc,trained,4096,0.003838395234197378,0.003838395234197378,1,0.00693612452596426,0.011556752026081085,1,1,,1,,1,,1
64,2,pcalm,init,4096,0.005757972598075867,0.00036238247412256896,358,0.0005105026648379862,0.005849223118275404,1,0,92,0,,1,,1
64,2,pcalm,trained,4096,0.00169332732912153,0.0001755686680553481,981,0.00023161203716881573,0.00169332732912153,0,0,7,0,161,0,,1
64,3,pc,init,4096,0.005310957785695791,0.005310957785695791,1,0.010131919756531715,0.017094939947128296,1,1,,1,,1,,1
64,3,pc,trained,4096,0.0033013708889484406,0.0033013708889484406,1,0.006879616063088179,0.010310010984539986,1,1,,1,,1,,1
64,3,pcalm,init,4096,0.005310957785695791,0.0003214946191292256,2169,0.00039965478936210275,0.005450904369354248,1,0,96,0,,1,,1
64,3,pcalm,trained,4096,0.001546459156088531,0.0001382108748657629,3927,0.00015098114090505987,0.0015745742712169886,1,0,5,0,161,0,,1
64,4,pc,init,4096,0.004441359546035528,0.004441359546035528,1,0.008617966435849667,0.014283074997365475,1,1,,1,,1,,1
64,4,pc,trained,4096,0.0035936562344431877,0.0035936562344431877,1,0.007001250982284546,0.01092129573225975,1,1,,1,,1,,1
64,4,pcalm,init,4096,0.004441359546035528,0.0002758318732958287,3033,0.0004363527405075729,0.004494836088269949,1,0,57,0,312,0,,1
64,4,pcalm,trained,4096,0.0014396636979654431,0.00013197683438193053,3700,0.0001350540987914428,0.0014485153369605541,1,0,5,0,161,0,,1
8,0,pc,init,2048,0.005380891729146242,0.005380891729146242,1,0.026067646220326424,0.026067838072776794,1,1,,1,,1,,1
8,0,pc,trained,2048,0.0009616183815523982,0.0009616183815523982,1,0.00984213501214981,0.00984213501214981,1,1,1,0,,1,,1
8,0,pcalm,init,2048,0.005380891729146242,0.0006018838612362742,1431,0.0007746798219159245,0.006252649240195751,1,0,302,0,,1,,1
8,0,pcalm,trained,2048,0.0009731303434818983,3.1441511964658275e-05,1583,5.7741490309126675e-05,0.001286036567762494,1,0,1,0,227,0,875,0
8,1,pc,init,2048,0.0035792444832623005,0.0035792444832623005,1,0.019090211018919945,0.019090821966528893,1,1,,1,,1,,1
8,1,pc,trained,2048,0.0010370059171691537,0.0010370059171691537,1,0.009843330830335617,0.00984401535242796,1,1,,1,,1,,1
8,1,pcalm,init,2048,0.0035792444832623005,0.0005289373220875859,1628,0.000759062182623893,0.004148530308157206,1,0,144,0,,1,,1
8,1,pcalm,trained,2048,0.0009453812963329256,7.282393653440522e-06,2019,7.600008757435717e-06,0.0012947703944519162,1,0,1,0,260,0,786,0
8,2,pc,init,2048,0.004030433017760515,0.004030433017760515,1,0.024326331913471222,0.02432745136320591,1,1,,1,,1,,1
8,2,pc,trained,2048,0.001478339429013431,0.001478339429013431,1,0.013378270901739597,0.013378319330513477,1,1,,1,,1,,1
8,2,pcalm,init,2048,0.004030433017760515,0.0008386509725823998,1407,0.0010769767686724663,0.004570114426314831,1,0,432,0,,1,,1
8,2,pcalm,trained,2048,0.0014132456853985786,0.0001160027168225497,1892,0.00020494301861617714,0.0016687053721398115,1,0,7,0,428,0,,1
8,3,pc,init,2048,0.005089917685836554,0.005089917685836554,1,0.02576138637959957,0.02576167695224285,1,1,,1,,1,,1
8,3,pc,trained,2048,0.0012057990534231067,0.0012057990534231067,1,0.012179139070212841,0.012179139070212841,1,1,,1,,1,,1
8,3,pcalm,init,2048,0.005089917685836554,0.0010139441583305597,882,0.001342021394520998,0.005873388145118952,1,0,,1,,1,,1
8,3,pcalm,trained,2048,0.0011515856022015214,0.00032996892696246505,1398,0.0005536888493224978,0.0014174380339682102,1,0,4,0,,1,,1
8,4,pc,init,2048,0.003974528051912785,0.003974528051912785,1,0.020235056057572365,0.020236527547240257,1,1,,1,,1,,1
8,4,pc,trained,2048,0.001354382373392582,0.001354382373392582,1,0.011925511062145233,0.011925747618079185,1,1,,1,,1,,1
8,4,pcalm,init,2048,0.003974528051912785,0.0009649379644542933,1500,0.0015776571817696095,0.004492375999689102,1,0,1498,0,,1,,1
8,4,pcalm,trained,2048,0.0012263384414836764,0.00010236695379717276,1890,0.00022584048565477133,0.0015976938884705305,1,0,5,0,423,0,,1
