depth,seed,method,frac,bp_acc,threshold,T_target,censored,T_max_run,max_acc
4,0,pc,0.9,0.9012,0.8111,3,0,16,0.8997
4,0,pc,0.95,0.9012,0.8561,3,0,16,0.8997
4,0,pc,0.98,0.9012,0.8832,3,0,16,0.8997
4,0,pcalm,0.9,0.9012,0.8111,3,0,16,0.9008
4,0,pcalm,0.95,0.9012,0.8561,3,0,16,0.9008
4,0,pcalm,0.98,0.9012,0.8832,3,0,16,0.9008
4,1,pc,0.9,0.8904,0.8014,3,0,16,0.8918
4,1,pc,0.95,0.8904,0.8459,3,0,16,0.8918
4,1,pc,0.98,0.8904,0.8726,3,0,16,0.8918
4,1,pcalm,0.9,0.8904,0.8014,3,0,16,0.8922
4,1,pcalm,0.95,0.8904,0.8459,3,0,16,0.8922
4,1,pcalm,0.98,0.8904,0.8726,3,0,16,0.8922
4,2,pc,0.9,0.9039,0.8135,3,0,16,0.9036
4,2,pc,0.95,0.9039,0.8587,3,0,16,0.9036
4,2,pc,0.98,0.9039,0.8858,3,0,16,0.9036
4,2,pcalm,0.9,0.9039,0.8135,3,0,16,0.9043
4,2,pcalm,0.95,0.9039,0.8587,3,0,16,0.9043
4,2,pcalm,0.98,0.9039,0.8858,3,0,16,0.9043
4,3,pc,0.9,0.8951,0.8056,3,0,16,0.8959
4,3,pc,0.95,0.8951,0.8503,3,0,16,0.8959
4,3,pc,0.98,0.8951,0.8772,3,0,16,0.8959
4,3,pcalm,0.9,0.8951,0.8056,3,0,16,0.8956
4,3,pcalm,0.95,0.8951,0.8503,3,0,16,0.8956
4,3,pcalm,0.98,0.8951,0.8772,3,0,16,0.8956
4,4,pc,0.9,0.9053,0.8148,3,0,16,0.9041
4,4,pc,0.95,0.9053,0.86,3,0,16,0.9041
4,4,pc,0.98,0.9053,0.8872,3,0,16,0.9041
4,4,pcalm,0.9,0.9053,0.8148,3,0,16,0.9049
4,4,pcalm,0.95,0.9053,0.86,3,0,16,0.9049
4,4,pcalm,0.98,0.9053,0.8872,3,0,16,0.9049
8,0,pc,0.9,0.8926,0.8033,8,0,32,0.8907
8,0,pc,0.95,0.8926,0.848,8,0,32,0.8907
8,0,pc,0.98,0.8926,0.8747,12,0,32,0.8907
8,0,pcalm,0.9,0.8926,0.8033,8,0,32,0.8927
8,0,pcalm,0.95,0.8926,0.848,8,0,32,0.8927
8,0,pcalm,0.98,0.8926,0.8747,8,0,32,0.8927
8,1,pc,0.9,0.8983,0.8085,8,0,32,0.8941
8,1,pc,0.95,0.8983,0.8534,8,0,32,0.8941
8,1,pc,0.98,0.8983,0.8803,12,0,32,0.8941
8,1,pcalm,0.9,0.8983,0.8085,8,0,32,0.896
8,1,pcalm,0.95,0.8983,0.8534,8,0,32,0.896
8,1,pcalm,0.98,0.8983,0.8803,8,0,32,0.896
8,2,pc,0.9,0.8926,0.8033,8,0,32,0.8934
8,2,pc,0.95,0.8926,0.848,8,0,32,0.8934
8,2,pc,0.98,0.8926,0.8747,12,0,32,0.8934
8,2,pcalm,0.9,0.8926,0.8033,8,0,32,0.8922
8,2,pcalm,0.95,0.8926,0.848,8,0,32,0.8922
8,2,pcalm,0.98,0.8926,0.8747,8,0,32,0.8922
8,3,pc,0.9,0.8871,0.7984,8,0,32,0.8867
8,3,pc,0.95,0.8871,0.8427,8,0,32,0.8867
8,3,pc,0.98,0.8871,0.8694,12,0,32,0.8867
8,3,pcalm,0.9,0.8871,0.7984,8,0,32,0.8872
8,3,pcalm,0.95,0.8871,0.8427,8,0,32,0.8872
8,3,pcalm,0.98,0.8871,0.8694,8,0,32,0.8872
8,4,pc,0.9,0.8924,0.8032,8,0,32,0.8974
8,4,pc,0.95,0.8924,0.8478,8,0,32,0.8974
8,4,pc,0.98,0.8924,0.8746,8,0,32,0.8974
8,4,pcalm,0.9,0.8924,0.8032,8,0,32,0.897
8,4,pcalm,0.95,0.8924,0.8478,8,0,32,0.897
8,4,pcalm,0.98,0.8924,0.8746,8,0,32,0.897
16,0,pc,0.9,0.8887,0.7998,32,0,64,0.8809
16,0,pc,0.95,0.8887,0.8443,32,0,64,0.8809
16,0,pc,0.98,0.8887,0.8709,48,0,64,0.8809
16,0,pcalm,0.9,0.8887,0.7998,16,0,64,0.8834
16,0,pcalm,0.95,0.8887,0.8443,24,0,64,0.8834
16,0,pcalm,0.98,0.8887,0.8709,24,0,64,0.8834
16,1,pc,0.9,0.8784,0.7906,32,0,64,0.8713
16,1,pc,0.95,0.8784,0.8345,32,0,64,0.8713
16,1,pc,0.98,0.8784,0.8608,48,0,64,0.8713
16,1,pcalm,0.9,0.8784,0.7906,16,0,64,0.8712
16,1,pcalm,0.95,0.8784,0.8345,24,0,64,0.8712
16,1,pcalm,0.98,0.8784,0.8608,24,0,64,0.8712
16,2,pc,0.9,0.8792,0.7913,32,0,64,0.8755
16,2,pc,0.95,0.8792,0.8352,32,0,64,0.8755
16,2,pc,0.98,0.8792,0.8616,48,0,64,0.8755
16,2,pcalm,0.9,0.8792,0.7913,16,0,64,0.8781
16,2,pcalm,0.95,0.8792,0.8352,24,0,64,0.8781
16,2,pcalm,0.98,0.8792,0.8616,24,0,64,0.8781
16,3,pc,0.9,0.8825,0.7943,32,0,64,0.8709
16,3,pc,0.95,0.8825,0.8384,32,0,64,0.8709
16,3,pc,0.98,0.8825,0.8648,48,0,64,0.8709
16,3,pcalm,0.9,0.8825,0.7943,16,0,64,0.877
16,3,pcalm,0.95,0.8825,0.8384,24,0,64,0.877
16,3,pcalm,0.98,0.8825,0.8648,24,0,64,0.877
16,4,pc,0.9,0.8843,0.7959,32,0,64,0.8758
16,4,pc,0.95,0.8843,0.8401,32,0,64,0.8758
16,4,pc,0.98,0.8843,0.8666,48,0,64,0.8758
16,4,pcalm,0.9,0.8843,0.7959,16,0,64,0.8813
16,4,pcalm,0.95,0.8843,0.8401,24,0,64,0.8813
16,4,pcalm,0.98,0.8843,0.8666,24,0,64,0.8813
32,0,pc,0.9,0.8739,0.7865,128,0,512,0.8605
32,0,pc,0.95,0.8739,0.8302,192,0,512,0.8605
32,0,pc,0.98,0.8739,0.8564,192,0,512,0.8605
32,0,pcalm,0.9,0.8739,0.7865,48,0,512,0.8704
32,0,pcalm,0.95,0.8739,0.8302,48,0,512,0.8704
32,0,pcalm,0.98,0.8739,0.8564,48,0,512,0.8704
32,1,pc,0.9,0.8395,0.7556,128,0,512,0.8365
32,1,pc,0.95,0.8395,0.7975,192,0,512,0.8365
32,1,pc,0.98,0.8395,0.8227,192,0,512,0.8365
32,1,pcalm,0.9,0.8395,0.7556,48,0,512,0.8386
32,1,pcalm,0.95,0.8395,0.7975,48,0,512,0.8386
32,1,pcalm,0.98,0.8395,0.8227,48,0,512,0.8386
32,2,pc,0.9,0.8643,0.7779,128,0,512,0.8594
32,2,pc,0.95,0.8643,0.8211,192,0,512,0.8594
32,2,pc,0.98,0.8643,0.847,192,0,512,0.8594
32,2,pcalm,0.9,0.8643,0.7779,48,0,512,0.8653
32,2,pcalm,0.95,0.8643,0.8211,48,0,512,0.8653
32,2,pcalm,0.98,0.8643,0.847,48,0,512,0.8653
32,3,pc,0.9,0.8688,0.7819,128,0,512,0.8604
32,3,pc,0.95,0.8688,0.8254,192,0,512,0.8604
32,3,pc,0.98,0.8688,0.8514,192,0,512,0.8604
32,3,pcalm,0.9,0.8688,0.7819,48,0,512,0.8669
32,3,pcalm,0.95,0.8688,0.8254,48,0,512,0.8669
32,3,pcalm,0.98,0.8688,0.8514,48,0,512,0.8669
32,4,pc,0.9,0.8783,0.7905,128,0,512,0.8596
32,4,pc,0.95,0.8783,0.8344,192,0,512,0.8596
32,4,pc,0.98,0.8783,0.8607,,1,512,0.8596
32,4,pcalm,0.9,0.8783,0.7905,48,0,512,0.8725
32,4,pcalm,0.95,0.8783,0.8344,48,0,512,0.8725
32,4,pcalm,0.98,0.8783,0.8607,128,0,512,0.8725
64,0,pc,0.9,0.8414,0.7573,512,0,1024,0.8306
64,0,pc,0.95,0.8414,0.7993,768,0,1024,0.8306
64,0,pc,0.98,0.8414,0.8246,768,0,1024,0.8306
64,0,pcalm,0.9,0.8414,0.7573,96,0,1024,0.8397
64,0,pcalm,0.95,0.8414,0.7993,96,0,1024,0.8397
64,0,pcalm,0.98,0.8414,0.8246,192,0,1024,0.8397
64,1,pc,0.9,0.8336,0.7502,512,0,1024,0.8245
64,1,pc,0.95,0.8336,0.7919,768,0,1024,0.8245
64,1,pc,0.98,0.8336,0.8169,768,0,1024,0.8245
64,1,pcalm,0.9,0.8336,0.7502,96,0,1024,0.8335
64,1,pcalm,0.95,0.8336,0.7919,96,0,1024,0.8335
64,1,pcalm,0.98,0.8336,0.8169,192,0,1024,0.8335
64,2,pc,0.9,0.8539,0.7685,512,0,1024,0.8437
64,2,pc,0.95,0.8539,0.8112,768,0,1024,0.8437
64,2,pc,0.98,0.8539,0.8368,768,0,1024,0.8437
64,2,pcalm,0.9,0.8539,0.7685,96,0,1024,0.8474
64,2,pcalm,0.95,0.8539,0.8112,96,0,1024,0.8474
64,2,pcalm,0.98,0.8539,0.8368,128,0,1024,0.8474
64,3,pc,0.9,0.8425,0.7583,512,0,1024,0.8311
64,3,pc,0.95,0.8425,0.8004,768,0,1024,0.8311
64,3,pc,0.98,0.8425,0.8256,768,0,1024,0.8311
64,3,pcalm,0.9,0.8425,0.7583,96,0,1024,0.8357
64,3,pcalm,0.95,0.8425,0.8004,96,0,1024,0.8357
64,3,pcalm,0.98,0.8425,0.8256,128,0,1024,0.8357
64,4,pc,0.9,0.844,0.7596,512,0,1024,0.8236
64,4,pc,0.95,0.844,0.8018,768,0,1024,0.8236
64,4,pc,0.98,0.844,0.8271,,1,1024,0.8236
64,4,pcalm,0.9,0.844,0.7596,96,0,1024,0.8421
64,4,pcalm,0.95,0.844,0.8018,96,0,1024,0.8421
64,4,pcalm,0.98,0.844,0.8271,192,0,1024,0.8421
128,0,pc,0.9,0.8393,0.7554,2048,0,3072,0.8081
128,0,pc,0.95,0.8393,0.7973,3072,0,3072,0.8081
128,0,pc,0.98,0.8393,0.8225,,1,3072,0.8081
128,0,pcalm,0.9,0.8393,0.7554,256,0,1024,0.8312
128,0,pcalm,0.95,0.8393,0.7973,256,0,1024,0.8312
128,0,pcalm,0.98,0.8393,0.8225,384,0,1024,0.8312
128,1,pc,0.9,0.7898,0.7108,2048,0,3072,0.7815
128,1,pc,0.95,0.7898,0.7503,3072,0,3072,0.7815
128,1,pc,0.98,0.7898,0.774,3072,0,3072,0.7815
128,1,pcalm,0.9,0.7898,0.7108,256,0,1024,0.7949
128,1,pcalm,0.95,0.7898,0.7503,256,0,1024,0.7949
128,1,pcalm,0.98,0.7898,0.774,384,0,1024,0.7949
128,2,pc,0.9,0.8259,0.7433,2048,0,3072,0.8012
128,2,pc,0.95,0.8259,0.7846,3072,0,3072,0.8012
128,2,pc,0.98,0.8259,0.8094,,1,3072,0.8012
128,2,pcalm,0.9,0.8259,0.7433,256,0,1024,0.8202
128,2,pcalm,0.95,0.8259,0.7846,256,0,1024,0.8202
128,2,pcalm,0.98,0.8259,0.8094,512,0,1024,0.8202
128,3,pc,0.9,0.8177,0.7359,2048,0,3072,0.7888
128,3,pc,0.95,0.8177,0.7768,3072,0,3072,0.7888
128,3,pc,0.98,0.8177,0.8013,,1,3072,0.7888
128,3,pcalm,0.9,0.8177,0.7359,256,0,1024,0.8113
128,3,pcalm,0.95,0.8177,0.7768,256,0,1024,0.8113
128,3,pcalm,0.98,0.8177,0.8013,384,0,1024,0.8113
128,4,pc,0.9,0.8224,0.7402,2048,0,3072,0.798
128,4,pc,0.95,0.8224,0.7813,3072,0,3072,0.798
128,4,pc,0.98,0.8224,0.806,,1,3072,0.798
128,4,pcalm,0.9,0.8224,0.7402,256,0,1024,0.8159
128,4,pcalm,0.95,0.8224,0.7813,256,0,1024,0.8159
128,4,pcalm,0.98,0.8224,0.806,384,0,1024,0.8159
